<?xml version="1.0"?>
<doc>
    <assembly>
        <name>DynamicDataDisplay.Maps</name>
    </assembly>
    <members>
        <member name="F:Microsoft.Research.DynamicDataDisplay.Charts.Maps.FileSystemTileServer.fileMap">
            <summary>
            Contains bool value whether there is image with following tile index.
            </summary>
        </member>
        <member name="T:Microsoft.Research.DynamicDataDisplay.Charts.Maps.Network.OpenStreetMapServer">
            <summary>
            Sample network tile server, which downloads tile images from OpenStreetMap server.
            <remarks>
            OpenStreetMap - http://www.openstreetmap.org/
            Used here by permission of OpenStreetMap.
            To use this sample server in your applications, you should read, agree and follow to
            OpenStreetMap license.
            Do not use this server too much - do not create high load on OpenStreetMap servers.
            OpenStreetMap tile isage policy - http://wiki.openstreetmap.org/wiki/Tile_usage_policy
            </remarks>
            </summary>
        </member>
        <member name="T:Microsoft.Research.DynamicDataDisplay.Charts.Maps.Set`1">
            <summary>
            Represents a unordered set of values.
            </summary>
            <typeparam name="T">Type of values.</typeparam>
        </member>
    </members>
</doc>
